#OTU ID,AC-GL4-102C,AC-GL4-50C,AC-GL4-54C,AC-GL4-60C,AC-GL4-61C,AC-GL4-69C,AC-GL4-70C,AC-GL4-71C,AC-GL4-73C,blank
D_0__Archaea;D_1__Altiarchaeota;D_2__Altiarchaeia;D_3__uncultured archaeon;D_4__uncultured archaeon;D_5__uncultured archaeon;D_6__uncultured archaeon,0,3,0,0,3,0,0,0,4,
D_0__Archaea;D_1__Crenarchaeota;D_2__Bathyarchaeia;D_3__uncultured methanogenic archaeon;D_4__uncultured methanogenic archaeon;D_5__uncultured methanogenic archaeon;D_6__uncultured methanogenic archaeon,0,0,0,0,0,0,0,0,0,
D_0__Archaea;D_1__Crenarchaeota;D_2__Bathyarchaeia;__;__;__;__,0,0,0,0,0,0,0,0,0,
D_0__Archaea;D_1__Euryarchaeota;D_2__Thermococci;D_3__Methanofastidiosales;D_4__uncultured;D_5__uncultured bacterium;D_6__uncultured bacterium,0,0,0,0,0,0,0,0,3,
D_0__Archaea;D_1__Nanoarchaeaeota;D_2__Woesearchaeia;D_3__Candidatus Diapherotrites archaeon ADurb.Bin253;D_4__Candidatus Diapherotrites archaeon ADurb.Bin253;D_5__Candidatus Diapherotrites archaeon ADurb.Bin253;D_6__Candidatus Diapherotrites archaeon ADurb.Bin253,0,0,0,0,10,0,0,0,0,
D_0__Archaea;D_1__Nanoarchaeaeota;D_2__Woesearchaeia;D_3__Candidatus Pacearchaeota archaeon RBG_19FT_COMBO_34_9;D_4__Candidatus Pacearchaeota archaeon RBG_19FT_COMBO_34_9;D_5__Candidatus Pacearchaeota archaeon RBG_19FT_COMBO_34_9;D_6__Candidatus Pacearchaeota archaeon RBG_19FT_COMBO_34_9,0,19,0,0,28,0,6,0,0,
D_0__Archaea;D_1__Nanoarchaeaeota;D_2__Woesearchaeia;D_3__uncultured archaeon;D_4__uncultured archaeon;D_5__uncultured archaeon;D_6__uncultured archaeon,0,18,0,0,36,0,5,0,12,
D_0__Archaea;D_1__Nanoarchaeaeota;D_2__Woesearchaeia;D_3__uncultured bacterium;D_4__uncultured bacterium;D_5__uncultured bacterium;D_6__uncultured bacterium,0,220,13,31,270,7,8,0,28,
D_0__Archaea;D_1__Nanoarchaeaeota;D_2__Woesearchaeia;__;__;__;__,0,52,0,3,159,0,11,0,25,
D_0__Bacteria;D_1__Acidobacteria;D_2__Acidobacteriia;D_3__Subgroup 13;D_4__uncultured bacterium;D_5__uncultured bacterium;D_6__uncultured bacterium,0,0,0,0,0,0,0,0,0,
D_0__Bacteria;D_1__Acidobacteria;D_2__Aminicenantia;D_3__Aminicenantales;D_4__uncultured soil bacterium;D_5__uncultured soil bacterium;D_6__uncultured soil bacterium,0,6,5,0,20,0,15,0,11,
D_0__Bacteria;D_1__Acidobacteria;D_2__Subgroup 6;__;__;__;__,0,0,0,0,0,0,0,0,0,
D_0__Bacteria;D_1__Acidobacteria;D_2__Thermoanaerobaculia;D_3__Thermoanaerobaculales;D_4__Thermoanaerobaculaceae;D_5__TPD-58;D_6__uncultured bacterium,0,0,0,0,4,0,6,0,0,
D_0__Bacteria;D_1__Actinobacteria;D_2__Acidimicrobiia;D_3__Microtrichales;D_4__Ilumatobacteraceae;D_5__CL500-29 marine group;Ambiguous_taxa,131,0,0,0,5,83,0,24,28,
D_0__Bacteria;D_1__Actinobacteria;D_2__Acidimicrobiia;D_3__Microtrichales;D_4__Ilumatobacteraceae;D_5__CL500-29 marine group;D_6__uncultured actinobacterium,22,0,0,0,0,0,0,54,0,
D_0__Bacteria;D_1__Actinobacteria;D_2__Acidimicrobiia;D_3__Microtrichales;D_4__Ilumatobacteraceae;D_5__CL500-29 marine group;__,345,0,0,0,0,503,0,281,480,
D_0__Bacteria;D_1__Actinobacteria;D_2__Acidimicrobiia;D_3__Microtrichales;D_4__Microtrichaceae;D_5__IMCC26207;__,0,0,0,0,0,0,0,0,0,
D_0__Bacteria;D_1__Actinobacteria;D_2__Acidimicrobiia;D_3__Microtrichales;D_4__uncultured;__;__,32,0,0,0,0,54,0,26,44,
D_0__Bacteria;D_1__Actinobacteria;D_2__Actinobacteria;D_3__Corynebacteriales;D_4__Mycobacteriaceae;D_5__Mycobacterium;__,41,0,0,0,0,13,0,14,14,
D_0__Bacteria;D_1__Actinobacteria;D_2__Actinobacteria;D_3__Frankiales;D_4__Sporichthyaceae;Ambiguous_taxa;__,218,0,0,0,5,231,0,70,83,
D_0__Bacteria;D_1__Actinobacteria;D_2__Actinobacteria;D_3__Frankiales;D_4__Sporichthyaceae;D_5__Candidatus Planktophila;D_6__uncultured bacterium,128,0,0,0,0,64,0,31,18,
D_0__Bacteria;D_1__Actinobacteria;D_2__Actinobacteria;D_3__Frankiales;D_4__Sporichthyaceae;D_5__hgcI clade;D_6__uncultured Actinomycetales bacterium,128,0,0,0,0,33,0,43,0,
D_0__Bacteria;D_1__Actinobacteria;D_2__Actinobacteria;D_3__Frankiales;D_4__Sporichthyaceae;D_5__hgcI clade;D_6__uncultured actinobacterium,11,0,0,0,0,21,0,0,10,
D_0__Bacteria;D_1__Actinobacteria;D_2__Actinobacteria;D_3__Frankiales;D_4__Sporichthyaceae;D_5__hgcI clade;D_6__uncultured bacterium,126,0,0,0,0,32,0,32,19,
D_0__Bacteria;D_1__Actinobacteria;D_2__Actinobacteria;D_3__Frankiales;D_4__Sporichthyaceae;D_5__hgcI clade;__,791,0,0,0,0,589,0,288,360,
D_0__Bacteria;D_1__Actinobacteria;D_2__Actinobacteria;D_3__Micrococcales;D_4__Microbacteriaceae;D_5__Candidatus Aquiluna;D_6__uncultured bacterium,0,0,0,0,0,0,0,0,0,
D_0__Bacteria;D_1__Actinobacteria;D_2__Actinobacteria;D_3__Micrococcales;D_4__Microbacteriaceae;D_5__Candidatus Limnoluna;D_6__uncultured bacterium,105,0,0,0,7,132,0,79,123,
D_0__Bacteria;D_1__Actinobacteria;D_2__Actinobacteria;D_3__Micrococcales;D_4__Microbacteriaceae;D_5__uncultured;__,0,0,0,0,0,0,0,0,0,
D_0__Bacteria;D_1__Actinobacteria;D_2__Actinobacteria;D_3__Micrococcales;D_4__Microbacteriaceae;__;__,0,0,0,0,0,0,0,0,6,
D_0__Bacteria;D_1__Actinobacteria;D_2__Actinobacteria;D_3__Micrococcales;D_4__Micrococcaceae;__;__,0,0,0,0,0,0,0,0,0,
D_0__Bacteria;D_1__Actinobacteria;D_2__Actinobacteria;D_3__PeM15;Ambiguous_taxa;Ambiguous_taxa;Ambiguous_taxa,0,0,0,0,0,0,0,0,0,
D_0__Bacteria;D_1__Actinobacteria;D_2__Actinobacteria;D_3__PeM15;D_4__uncultured bacterium;D_5__uncultured bacterium;D_6__uncultured bacterium,9,0,0,0,0,0,0,3,0,
D_0__Bacteria;D_1__Actinobacteria;D_2__Actinobacteria;D_3__PeM15;__;__;__,0,0,0,0,0,0,0,0,0,
D_0__Bacteria;D_1__Actinobacteria;D_2__Thermoleophilia;D_3__Gaiellales;D_4__uncultured;D_5__metagenome;D_6__metagenome,8,0,0,0,0,5,0,0,7,
D_0__Bacteria;D_1__Actinobacteria;D_2__Thermoleophilia;D_3__Solirubrobacterales;D_4__Solirubrobacteraceae;D_5__Conexibacter;D_6__uncultured bacterium,0,0,0,0,3,9,0,0,0,
D_0__Bacteria;D_1__Actinobacteria;D_2__WCHB1-81;D_3__uncultured bacterium;D_4__uncultured bacterium;D_5__uncultured bacterium;D_6__uncultured bacterium,0,12,0,0,17,0,4,0,2,
D_0__Bacteria;D_1__Aegiribacteria;D_2__uncultured bacterium;D_3__uncultured bacterium;D_4__uncultured bacterium;D_5__uncultured bacterium;D_6__uncultured bacterium,0,5,0,0,17,0,0,0,0,
D_0__Bacteria;D_1__Armatimonadetes;D_2__Armatimonadia;D_3__Armatimonadales;D_4__Armatimonadaceae;D_5__Armatimonas;D_6__uncultured bacterium,2,0,0,0,0,15,0,23,187,
D_0__Bacteria;D_1__Armatimonadetes;D_2__Fimbriimonadia;D_3__Fimbriimonadales;D_4__Fimbriimonadaceae;D_5__uncultured bacterium;D_6__uncultured bacterium,66,0,0,0,0,0,0,6,25,
D_0__Bacteria;D_1__Armatimonadetes;D_2__uncultured;D_3__uncultured bacterium;D_4__uncultured bacterium;D_5__uncultured bacterium;D_6__uncultured bacterium,0,0,0,0,0,0,0,0,0,
D_0__Bacteria;D_1__Armatimonadetes;D_2__uncultured;__;__;__;__,0,0,0,0,6,0,0,0,0,
D_0__Bacteria;D_1__Atribacteria;D_2__JS1;D_3__uncultured bacterium;D_4__uncultured bacterium;D_5__uncultured bacterium;D_6__uncultured bacterium,0,0,0,0,9,0,5,0,6,
D_0__Bacteria;D_1__BRC1;D_2__uncultured organism;D_3__uncultured organism;D_4__uncultured organism;D_5__uncultured organism;D_6__uncultured organism,0,0,0,0,0,0,0,0,0,
D_0__Bacteria;D_1__Bacteroidetes;D_2__Bacteroidia;D_3__Bacteroidales;D_4__Bacteroidaceae;D_5__Bacteroides;Ambiguous_taxa,0,0,0,0,0,0,0,0,0,
D_0__Bacteria;D_1__Bacteroidetes;D_2__Bacteroidia;D_3__Bacteroidales;D_4__Bacteroidaceae;D_5__Bacteroides;__,0,0,0,0,0,0,0,0,0,
D_0__Bacteria;D_1__Bacteroidetes;D_2__Bacteroidia;D_3__Bacteroidales;D_4__Bacteroidetes BD2-2;D_5__Bacteroidetes bacterium GWF2_49_14;D_6__Bacteroidetes bacterium GWF2_49_14,0,0,0,0,0,0,0,0,0,
D_0__Bacteria;D_1__Bacteroidetes;D_2__Bacteroidia;D_3__Bacteroidales;D_4__Bacteroidetes BD2-2;D_5__uncultured bacterium;D_6__uncultured bacterium,0,0,0,11,19,0,0,0,0,
D_0__Bacteria;D_1__Bacteroidetes;D_2__Bacteroidia;D_3__Bacteroidales;D_4__Bacteroidetes BD2-2;D_5__uncultured prokaryote;D_6__uncultured prokaryote,0,56,101,188,101,0,5,3,6,
D_0__Bacteria;D_1__Bacteroidetes;D_2__Bacteroidia;D_3__Bacteroidales;D_4__Bacteroidetes BD2-2;__;__,0,34,0,4,125,0,15,0,11,
D_0__Bacteria;D_1__Bacteroidetes;D_2__Bacteroidia;D_3__Bacteroidales;D_4__Bacteroidetes vadinHA17;__;__,0,0,0,0,20,0,0,0,0,
D_0__Bacteria;D_1__Bacteroidetes;D_2__Bacteroidia;D_3__Bacteroidales;D_4__LKC2.127-25;D_5__uncultured bacterium;D_6__uncultured bacterium,0,37,37,34,31,0,0,0,7,
D_0__Bacteria;D_1__Bacteroidetes;D_2__Bacteroidia;D_3__Bacteroidales;D_4__Marinilabiliaceae;D_5__uncultured;Ambiguous_taxa,0,91,45,57,171,0,24,0,35,
D_0__Bacteria;D_1__Bacteroidetes;D_2__Bacteroidia;D_3__Bacteroidales;D_4__Marinilabiliaceae;D_5__uncultured;D_6__uncultured bacterium,2,187,17,25,460,0,53,0,53,
D_0__Bacteria;D_1__Bacteroidetes;D_2__Bacteroidia;D_3__Bacteroidales;D_4__Paludibacteraceae;D_5__Paludibacter;D_6__uncultured bacterium,0,97,51,19,124,0,12,3,21,
D_0__Bacteria;D_1__Bacteroidetes;D_2__Bacteroidia;D_3__Bacteroidales;D_4__Prolixibacteraceae;D_5__WCHB1-32;D_6__uncultured bacterium,0,31,0,0,44,0,0,0,0,
D_0__Bacteria;D_1__Bacteroidetes;D_2__Bacteroidia;D_3__Bacteroidales;D_4__Prolixibacteraceae;D_5__uncultured;D_6__uncultured bacterium,0,12,0,10,87,0,4,0,0,
D_0__Bacteria;D_1__Bacteroidetes;D_2__Bacteroidia;D_3__Bacteroidales;D_4__Prolixibacteraceae;D_5__uncultured;__,0,16,23,83,44,0,0,0,0,
D_0__Bacteria;D_1__Bacteroidetes;D_2__Bacteroidia;D_3__Bacteroidales;D_4__Rikenellaceae;D_5__uncultured;Ambiguous_taxa,0,0,0,0,0,0,0,0,0,
D_0__Bacteria;D_1__Bacteroidetes;D_2__Bacteroidia;D_3__Bacteroidales;D_4__SB-5;D_5__uncultured bacterium;D_6__uncultured bacterium,0,9,10,12,28,0,0,0,0,
D_0__Bacteria;D_1__Bacteroidetes;D_2__Bacteroidia;D_3__Bacteroidetes VC2.1 Bac22;Ambiguous_taxa;Ambiguous_taxa;Ambiguous_taxa,1925,0,0,0,0,0,0,788,408,
D_0__Bacteria;D_1__Bacteroidetes;D_2__Bacteroidia;D_3__Bacteroidetes VC2.1 Bac22;D_4__uncultured bacterium;D_5__uncultured bacterium;D_6__uncultured bacterium,0,19,20,12,33,0,0,0,0,
D_0__Bacteria;D_1__Bacteroidetes;D_2__Bacteroidia;D_3__Bacteroidetes VC2.1 Bac22;__;__;__,0,306,115,68,359,0,6,5,24,
D_0__Bacteria;D_1__Bacteroidetes;D_2__Bacteroidia;D_3__Chitinophagales;D_4__Chitinophagaceae;D_5__Dinghuibacter;D_6__uncultured bacterium,77,0,0,0,0,282,0,227,340,
D_0__Bacteria;D_1__Bacteroidetes;D_2__Bacteroidia;D_3__Chitinophagales;D_4__Chitinophagaceae;D_5__Ferruginibacter;D_6__uncultured bacterium,39,0,0,0,0,0,0,19,8,
D_0__Bacteria;D_1__Bacteroidetes;D_2__Bacteroidia;D_3__Chitinophagales;D_4__Chitinophagaceae;D_5__Ferruginibacter;__,0,0,0,0,0,0,0,0,0,
D_0__Bacteria;D_1__Bacteroidetes;D_2__Bacteroidia;D_3__Chitinophagales;D_4__Chitinophagaceae;D_5__Sediminibacterium;D_6__uncultured bacterium,0,6,0,0,0,0,0,43,0,
D_0__Bacteria;D_1__Bacteroidetes;D_2__Bacteroidia;D_3__Chitinophagales;D_4__Chitinophagaceae;D_5__Sediminibacterium;__,621,0,0,0,0,748,0,264,620,
D_0__Bacteria;D_1__Bacteroidetes;D_2__Bacteroidia;D_3__Chitinophagales;D_4__Chitinophagaceae;D_5__Terrimonas;__,0,0,0,0,0,0,0,0,0,
D_0__Bacteria;D_1__Bacteroidetes;D_2__Bacteroidia;D_3__Chitinophagales;D_4__Chitinophagaceae;D_5__uncultured;D_6__metagenome,0,3,0,0,7,0,0,0,0,
D_0__Bacteria;D_1__Bacteroidetes;D_2__Bacteroidia;D_3__Chitinophagales;D_4__Chitinophagaceae;__;__,0,0,0,0,0,0,0,0,0,
D_0__Bacteria;D_1__Bacteroidetes;D_2__Bacteroidia;D_3__Chitinophagales;D_4__Saprospiraceae;D_5__Candidatus Aquirestis;D_6__uncultured bacterium,278,19,4,5,30,36,4,74,195,
D_0__Bacteria;D_1__Bacteroidetes;D_2__Bacteroidia;D_3__Chitinophagales;D_4__Saprospiraceae;D_5__Haliscomenobacter;D_6__uncultured bacterium,0,0,0,0,0,0,0,0,0,
D_0__Bacteria;D_1__Bacteroidetes;D_2__Bacteroidia;D_3__Chitinophagales;D_4__Saprospiraceae;D_5__uncultured;__,0,0,0,0,0,0,0,0,0,
D_0__Bacteria;D_1__Bacteroidetes;D_2__Bacteroidia;D_3__Chitinophagales;D_4__Saprospiraceae;__;__,0,0,0,0,0,0,0,0,0,
D_0__Bacteria;D_1__Bacteroidetes;D_2__Bacteroidia;D_3__Chitinophagales;D_4__uncultured;__;__,0,0,0,0,0,0,0,0,3,
D_0__Bacteria;D_1__Bacteroidetes;D_2__Bacteroidia;D_3__Cytophagales;D_4__Cyclobacteriaceae;D_5__Algoriphagus;D_6__uncultured bacterium,750,0,0,0,0,0,0,158,110,
D_0__Bacteria;D_1__Bacteroidetes;D_2__Bacteroidia;D_3__Cytophagales;D_4__Spirosomaceae;D_5__Pseudarcicella;D_6__uncultured bacterium,307,0,0,0,0,121,0,137,98,
D_0__Bacteria;D_1__Bacteroidetes;D_2__Bacteroidia;D_3__Flavobacteriales;D_4__Crocinitomicaceae;D_5__Crocinitomix;D_6__uncultured bacterium,107,5,8,5,15,415,3,233,498,
D_0__Bacteria;D_1__Bacteroidetes;D_2__Bacteroidia;D_3__Flavobacteriales;D_4__Crocinitomicaceae;D_5__Fluviicola;Ambiguous_taxa,643,14,11,7,32,4974,0,612,2159,
D_0__Bacteria;D_1__Bacteroidetes;D_2__Bacteroidia;D_3__Flavobacteriales;D_4__Crocinitomicaceae;D_5__Fluviicola;D_6__uncultured bacterium,6,9,0,4,17,929,3,25,436,
D_0__Bacteria;D_1__Bacteroidetes;D_2__Bacteroidia;D_3__Flavobacteriales;D_4__Crocinitomicaceae;D_5__Fluviicola;__,940,0,0,0,0,53,0,75,166,
D_0__Bacteria;D_1__Bacteroidetes;D_2__Bacteroidia;D_3__Flavobacteriales;D_4__Cryomorphaceae;D_5__uncultured;Ambiguous_taxa,0,0,0,0,0,0,0,0,0,
D_0__Bacteria;D_1__Bacteroidetes;D_2__Bacteroidia;D_3__Flavobacteriales;D_4__Cryomorphaceae;D_5__uncultured;D_6__uncultured Cryomorphaceae bacterium,940,0,0,0,0,10,0,287,391,
D_0__Bacteria;D_1__Bacteroidetes;D_2__Bacteroidia;D_3__Flavobacteriales;D_4__Cryomorphaceae;D_5__uncultured;D_6__uncultured bacterium,0,0,0,0,0,6,0,4,27,
D_0__Bacteria;D_1__Bacteroidetes;D_2__Bacteroidia;D_3__Flavobacteriales;D_4__Cryomorphaceae;D_5__uncultured;__,0,0,0,0,0,0,0,0,0,
D_0__Bacteria;D_1__Bacteroidetes;D_2__Bacteroidia;D_3__Flavobacteriales;D_4__Flavobacteriaceae;D_5__Flavobacterium;Ambiguous_taxa,63,0,0,0,0,3366,0,101,1412,
D_0__Bacteria;D_1__Bacteroidetes;D_2__Bacteroidia;D_3__Flavobacteriales;D_4__Flavobacteriaceae;D_5__Flavobacterium;__,6743,3,0,0,0,306,0,1060,2590,
D_0__Bacteria;D_1__Bacteroidetes;D_2__Bacteroidia;D_3__Flavobacteriales;D_4__Flavobacteriaceae;D_5__uncultured;D_6__uncultured bacterium,0,43,88,39,38,3,11,6,10,
D_0__Bacteria;D_1__Bacteroidetes;D_2__Bacteroidia;D_3__Flavobacteriales;D_4__NS9 marine group;D_5__uncultured Bacteroidetes bacterium;D_6__uncultured Bacteroidetes bacterium,8,0,0,0,0,453,0,31,426,
D_0__Bacteria;D_1__Bacteroidetes;D_2__Bacteroidia;D_3__Flavobacteriales;D_4__NS9 marine group;__;__,0,0,0,0,0,23,0,0,37,
D_0__Bacteria;D_1__Bacteroidetes;D_2__Bacteroidia;D_3__Flavobacteriales;D_4__Weeksellaceae;D_5__Cloacibacterium;D_6__uncultured bacterium,0,0,0,0,0,0,0,0,0,
D_0__Bacteria;D_1__Bacteroidetes;D_2__Bacteroidia;D_3__Sphingobacteriales;D_4__ADurb.Bin408;D_5__uncultured bacterium;D_6__uncultured bacterium,0,20,0,0,39,0,0,0,0,
D_0__Bacteria;D_1__Bacteroidetes;D_2__Bacteroidia;D_3__Sphingobacteriales;D_4__Lentimicrobiaceae;Ambiguous_taxa;Ambiguous_taxa,0,16,12,36,31,0,0,0,0,
D_0__Bacteria;D_1__Bacteroidetes;D_2__Bacteroidia;D_3__Sphingobacteriales;D_4__Lentimicrobiaceae;D_5__Lentimicrobium;D_6__uncultured bacterium,0,74,110,151,124,0,30,0,18,
D_0__Bacteria;D_1__Bacteroidetes;D_2__Bacteroidia;D_3__Sphingobacteriales;D_4__Lentimicrobiaceae;D_5__uncultured Bacteroidetes bacterium;D_6__uncultured Bacteroidetes bacterium,0,41,35,46,74,0,8,0,15,
D_0__Bacteria;D_1__Bacteroidetes;D_2__Bacteroidia;D_3__Sphingobacteriales;D_4__Lentimicrobiaceae;D_5__uncultured bacterium;D_6__uncultured bacterium,0,0,0,5,49,0,6,0,0,
D_0__Bacteria;D_1__Bacteroidetes;D_2__Bacteroidia;D_3__Sphingobacteriales;D_4__Lentimicrobiaceae;D_5__uncultured prokaryote;D_6__uncultured prokaryote,0,376,213,590,924,0,207,24,95,
D_0__Bacteria;D_1__Bacteroidetes;D_2__Bacteroidia;D_3__Sphingobacteriales;D_4__Lentimicrobiaceae;__;__,0,511,211,520,1911,0,180,9,100,
D_0__Bacteria;D_1__Bacteroidetes;D_2__Bacteroidia;D_3__Sphingobacteriales;D_4__NS11-12 marine group;Ambiguous_taxa;Ambiguous_taxa,294,0,0,0,0,312,2,78,334,
D_0__Bacteria;D_1__Bacteroidetes;D_2__Bacteroidia;D_3__Sphingobacteriales;D_4__NS11-12 marine group;D_5__uncultured bacterium;D_6__uncultured bacterium,0,0,0,0,0,9,0,0,0,
D_0__Bacteria;D_1__Bacteroidetes;D_2__Bacteroidia;D_3__Sphingobacteriales;D_4__NS11-12 marine group;__;__,488,0,0,0,0,154,0,346,416,
D_0__Bacteria;D_1__Bacteroidetes;D_2__Bacteroidia;D_3__Sphingobacteriales;D_4__S15A-MN91;D_5__uncultured bacterium;D_6__uncultured bacterium,0,117,23,30,687,0,107,0,41,
D_0__Bacteria;D_1__Bacteroidetes;D_2__Bacteroidia;D_3__Sphingobacteriales;D_4__ST-12K33;D_5__uncultured organism;D_6__uncultured organism,0,0,0,0,11,0,0,0,0,
D_0__Bacteria;D_1__Bacteroidetes;D_2__Bacteroidia;D_3__Sphingobacteriales;D_4__ST-12K33;__;__,0,99,31,33,162,0,21,5,18,
D_0__Bacteria;D_1__Bacteroidetes;D_2__Bacteroidia;D_3__Sphingobacteriales;D_4__Sphingobacteriaceae;D_5__Pedobacter;__,6,0,0,0,0,11,0,4,25,
D_0__Bacteria;D_1__Bacteroidetes;D_2__Bacteroidia;D_3__Sphingobacteriales;D_4__Sphingobacteriaceae;D_5__Solitalea;D_6__uncultured bacterium,3,0,0,0,0,114,0,8,71,
D_0__Bacteria;D_1__Bacteroidetes;D_2__Bacteroidia;D_3__Sphingobacteriales;D_4__env.OPS 17;D_5__metagenome;D_6__metagenome,15,0,0,0,0,0,0,2,8,
D_0__Bacteria;D_1__Bacteroidetes;D_2__Bacteroidia;D_3__Sphingobacteriales;D_4__env.OPS 17;__;__,14,8,0,0,8,476,0,5,11,
D_0__Bacteria;D_1__Bacteroidetes;D_2__Bacteroidia;D_3__Sphingobacteriales;__;__;__,0,0,0,0,0,0,0,0,0,
D_0__Bacteria;D_1__Bacteroidetes;D_2__Bacteroidia;__;__;__;__,0,0,0,0,0,0,0,0,0,
D_0__Bacteria;D_1__Bacteroidetes;D_2__Chlorobia;D_3__Chlorobiales;D_4__Chlorobiaceae;D_5__Chlorobium;Ambiguous_taxa,13,1101,785,447,1106,4,70,250,200,
D_0__Bacteria;D_1__Bacteroidetes;D_2__Chlorobia;D_3__Chlorobiales;D_4__Chlorobiaceae;D_5__Chlorobium;__,0,140,810,1056,103,0,47,0,12,
D_0__Bacteria;D_1__Bacteroidetes;D_2__Ignavibacteria;D_3__Ignavibacteriales;D_4__BSV40;D_5__uncultured bacterium;D_6__uncultured bacterium,0,0,0,0,8,0,0,0,0,
D_0__Bacteria;D_1__Bacteroidetes;D_2__Ignavibacteria;D_3__Ignavibacteriales;D_4__Ignavibacteriaceae;D_5__Ignavibacterium;D_6__uncultured bacterium,0,0,0,0,0,0,5,0,0,
D_0__Bacteria;D_1__Bacteroidetes;D_2__Ignavibacteria;D_3__Ignavibacteriales;D_4__Melioribacteraceae;D_5__IheB3-7;D_6__uncultured bacterium,0,17,6,0,19,0,0,0,0,
D_0__Bacteria;D_1__Bacteroidetes;D_2__Ignavibacteria;D_3__Ignavibacteriales;D_4__PHOS-HE36;D_5__uncultured bacterium;D_6__uncultured bacterium,0,88,92,54,236,0,207,5,31,
D_0__Bacteria;D_1__Bacteroidetes;D_2__Ignavibacteria;D_3__Kryptoniales;D_4__BSV26;D_5__uncultured bacterium;D_6__uncultured bacterium,0,0,0,0,6,0,0,0,0,
D_0__Bacteria;D_1__Bacteroidetes;D_2__Ignavibacteria;D_3__Kryptoniales;D_4__BSV26;__;__,0,6,0,0,17,0,0,0,5,
D_0__Bacteria;D_1__Bacteroidetes;D_2__Ignavibacteria;D_3__OPB56;Ambiguous_taxa;Ambiguous_taxa;Ambiguous_taxa,0,21,22,49,53,0,0,0,0,
D_0__Bacteria;D_1__Bacteroidetes;D_2__Ignavibacteria;D_3__OPB56;D_4__uncultured bacterium;D_5__uncultured bacterium;D_6__uncultured bacterium,0,0,0,0,5,0,0,0,0,
D_0__Bacteria;D_1__Chlamydiae;D_2__LD1-PA32;Ambiguous_taxa;Ambiguous_taxa;Ambiguous_taxa;Ambiguous_taxa,0,18,0,4,25,0,0,0,6,
D_0__Bacteria;D_1__Chlamydiae;D_2__LD1-PA32;D_3__uncultured bacterium;D_4__uncultured bacterium;D_5__uncultured bacterium;D_6__uncultured bacterium,0,0,0,0,0,0,0,0,0,
D_0__Bacteria;D_1__Chloroflexi;D_2__Anaerolineae;D_3__ADurb.Bin180;D_4__uncultured bacterium;D_5__uncultured bacterium;D_6__uncultured bacterium,0,6,0,0,12,0,0,0,0,
D_0__Bacteria;D_1__Chloroflexi;D_2__Anaerolineae;D_3__Anaerolineales;D_4__Anaerolineaceae;D_5__Anaerolineaceae UCG-001;D_6__uncultured bacterium,0,9,0,0,8,0,0,0,0,
D_0__Bacteria;D_1__Chloroflexi;D_2__Anaerolineae;D_3__Anaerolineales;D_4__Anaerolineaceae;D_5__Leptolinea;D_6__uncultured bacterium,0,0,0,0,0,0,0,0,0,
D_0__Bacteria;D_1__Chloroflexi;D_2__Anaerolineae;D_3__Anaerolineales;D_4__Anaerolineaceae;D_5__Pelolinea;D_6__uncultured Chloroflexi bacterium,0,0,0,0,0,0,0,0,0,
D_0__Bacteria;D_1__Chloroflexi;D_2__Anaerolineae;D_3__Anaerolineales;D_4__Anaerolineaceae;D_5__uncultured;D_6__uncultured Chloroflexi bacterium,0,15,0,0,41,0,13,0,0,
D_0__Bacteria;D_1__Chloroflexi;D_2__Anaerolineae;D_3__Anaerolineales;D_4__Anaerolineaceae;D_5__uncultured;D_6__uncultured soil bacterium,0,35,0,0,64,0,0,0,0,
D_0__Bacteria;D_1__Chloroflexi;D_2__Anaerolineae;D_3__Anaerolineales;D_4__Anaerolineaceae;D_5__uncultured;__,0,100,12,0,194,0,21,0,23,
D_0__Bacteria;D_1__Chloroflexi;D_2__Anaerolineae;D_3__Anaerolineales;D_4__Anaerolineaceae;__;__,0,0,0,0,0,0,0,0,0,
D_0__Bacteria;D_1__Chloroflexi;D_2__Anaerolineae;D_3__RBG-13-54-9;Ambiguous_taxa;Ambiguous_taxa;Ambiguous_taxa,0,6,0,0,15,0,0,0,0,
D_0__Bacteria;D_1__Chloroflexi;D_2__Anaerolineae;D_3__SBR1031;D_4__uncultured bacterium;D_5__uncultured bacterium;D_6__uncultured bacterium,0,3,0,0,0,0,0,0,0,
D_0__Bacteria;D_1__Chloroflexi;D_2__Anaerolineae;D_3__SJA-15;D_4__uncultured bacterium;D_5__uncultured bacterium;D_6__uncultured bacterium,0,0,0,0,13,0,9,0,3,
D_0__Bacteria;D_1__Chloroflexi;D_2__Chloroflexia;D_3__Chloroflexales;D_4__Roseiflexaceae;D_5__uncultured;D_6__uncultured Roseiflexus sp.,650,0,0,0,0,0,0,56,27,
D_0__Bacteria;D_1__Chloroflexi;D_2__Dehalococcoidia;D_3__GIF3;D_4__uncultured bacterium;D_5__uncultured bacterium;D_6__uncultured bacterium,0,0,0,0,0,0,0,0,0,
D_0__Bacteria;D_1__Chloroflexi;D_2__Dehalococcoidia;D_3__GIF9;D_4__uncultured bacterium;D_5__uncultured bacterium;D_6__uncultured bacterium,0,94,0,0,181,0,8,3,46,
D_0__Bacteria;D_1__Chloroflexi;D_2__SL56 marine group;D_3__uncultured bacterium;D_4__uncultured bacterium;D_5__uncultured bacterium;D_6__uncultured bacterium,24,0,0,0,0,13,0,21,26,
D_0__Bacteria;D_1__Cloacimonetes;D_2__Cloacimonadia;D_3__Cloacimonadales;D_4__MSBL8;D_5__uncultured bacterium;D_6__uncultured bacterium,0,0,0,0,15,0,0,0,2,
D_0__Bacteria;D_1__Cyanobacteria;D_2__Melainabacteria;D_3__Gastranaerophilales;D_4__uncultured organism;D_5__uncultured organism;D_6__uncultured organism,0,11,105,11,15,0,32,0,0,
D_0__Bacteria;D_1__Cyanobacteria;D_2__Oxyphotobacteria;D_3__Chloroplast;D_4__Epipyxis sp. PR26KG;D_5__Epipyxis sp. PR26KG;D_6__Epipyxis sp. PR26KG,605,0,0,0,0,2,0,383,742,
D_0__Bacteria;D_1__Cyanobacteria;D_2__Oxyphotobacteria;D_3__Chloroplast;D_4__Pavlova gyrans;D_5__Pavlova gyrans;D_6__Pavlova gyrans,16,0,0,0,0,0,0,11,11,
D_0__Bacteria;D_1__Cyanobacteria;D_2__Oxyphotobacteria;D_3__Chloroplast;D_4__Tetraselmis cordiformis;D_5__Tetraselmis cordiformis;D_6__Tetraselmis cordiformis,67,6,0,0,6,24,0,57,42,
D_0__Bacteria;D_1__Cyanobacteria;D_2__Oxyphotobacteria;D_3__Chloroplast;D_4__metagenome;D_5__metagenome;D_6__metagenome,5576,73,0,30,44,6154,0,2901,5355,
D_0__Bacteria;D_1__Cyanobacteria;D_2__Oxyphotobacteria;D_3__Chloroplast;D_4__uncultured bacterium;D_5__uncultured bacterium;D_6__uncultured bacterium,128,0,0,0,0,0,0,29,88,
D_0__Bacteria;D_1__Cyanobacteria;D_2__Oxyphotobacteria;D_3__Chloroplast;D_4__uncultured diatom;D_5__uncultured diatom;D_6__uncultured diatom,94,0,0,0,0,0,0,5,0,
D_0__Bacteria;D_1__Cyanobacteria;D_2__Oxyphotobacteria;D_3__Chloroplast;D_4__uncultured marine eukaryote;D_5__uncultured marine eukaryote;D_6__uncultured marine eukaryote,260,0,0,0,0,0,0,204,291,
D_0__Bacteria;D_1__Cyanobacteria;D_2__Oxyphotobacteria;D_3__Chloroplast;__;__;__,740,0,0,0,0,12,6,275,543,
D_0__Bacteria;D_1__Cyanobacteria;D_2__Oxyphotobacteria;D_3__Synechococcales;D_4__Cyanobiaceae;D_5__Cyanobium PCC-6307;D_6__uncultured bacterium,978,473,78,134,995,570,41,329,755,
D_0__Bacteria;D_1__Cyanobacteria;D_2__Oxyphotobacteria;D_3__Synechococcales;D_4__Cyanobiaceae;D_5__Cyanobium PCC-6307;__,4728,0,0,0,8,74,13,2096,2256,
D_0__Bacteria;D_1__Dependentiae;D_2__Babeliae;D_3__Babeliales;D_4__Babeliaceae;D_5__uncultured bacterium;D_6__uncultured bacterium,0,0,0,0,0,0,55,0,0,
D_0__Bacteria;D_1__Dependentiae;D_2__Babeliae;D_3__Babeliales;D_4__uncultured bacterium;D_5__uncultured bacterium;D_6__uncultured bacterium,0,10,0,0,5,0,0,0,0,
D_0__Bacteria;D_1__Elusimicrobia;D_2__Elusimicrobia;D_3__Lineage IV;D_4__uncultured bacterium;D_5__uncultured bacterium;D_6__uncultured bacterium,0,0,0,0,9,0,0,0,0,
D_0__Bacteria;D_1__Elusimicrobia;D_2__Elusimicrobia;D_3__MVP-88;D_4__uncultured bacterium;D_5__uncultured bacterium;D_6__uncultured bacterium,0,0,0,0,2,0,0,0,6,
D_0__Bacteria;D_1__Elusimicrobia;D_2__Rs-M47;__;__;__;__,0,4,0,0,9,0,0,0,0,
D_0__Bacteria;D_1__Epsilonbacteraeota;D_2__Campylobacteria;D_3__Campylobacterales;D_4__Sulfurovaceae;D_5__Sulfurovum;__,0,0,0,0,7,0,0,0,0,
D_0__Bacteria;D_1__Epsilonbacteraeota;D_2__Campylobacteria;D_3__Campylobacterales;D_4__Thiovulaceae;D_5__Sulfuricurvum;D_6__uncultured bacterium,0,0,0,0,4,0,0,0,4,
D_0__Bacteria;D_1__Epsilonbacteraeota;D_2__Campylobacteria;D_3__Campylobacterales;D_4__Thiovulaceae;D_5__Sulfurimonas;__,0,69,0,4,168,0,7,0,48,
D_0__Bacteria;D_1__Firmicutes;D_2__Bacilli;D_3__Bacillales;D_4__Bacillaceae;D_5__Vulcanibacillus;D_6__uncultured bacterium,0,110,19,36,91,0,0,0,31,
D_0__Bacteria;D_1__Firmicutes;D_2__Bacilli;D_3__Bacillales;D_4__Family XII;D_5__Exiguobacterium;Ambiguous_taxa,0,0,0,0,0,0,0,0,0,
D_0__Bacteria;D_1__Firmicutes;D_2__Bacilli;D_3__Bacillales;D_4__Paenibacillaceae;D_5__Paenibacillus;D_6__uncultured bacterium,0,0,0,0,0,0,0,0,19,
D_0__Bacteria;D_1__Firmicutes;D_2__Bacilli;D_3__Lactobacillales;D_4__Carnobacteriaceae;D_5__Trichococcus;__,0,0,0,0,0,0,0,0,0,
D_0__Bacteria;D_1__Firmicutes;D_2__Clostridia;D_3__Clostridiales;D_4__Christensenellaceae;D_5__Christensenellaceae R-7 group;D_6__uncultured microorganism,0,4,0,0,0,0,0,0,0,
D_0__Bacteria;D_1__Firmicutes;D_2__Clostridia;D_3__Clostridiales;D_4__Family XIII;D_5__Anaerovorax;D_6__uncultured bacterium,0,0,0,0,6,0,0,0,0,
D_0__Bacteria;D_1__Firmicutes;D_2__Clostridia;D_3__Clostridiales;D_4__Family XIII;D_5__[Eubacterium] brachy group;D_6__uncultured bacterium,0,3,0,0,0,0,0,0,0,
D_0__Bacteria;D_1__Firmicutes;D_2__Clostridia;D_3__Clostridiales;D_4__Peptococcaceae;D_5__Dehalobacter;Ambiguous_taxa,0,0,0,0,5,0,0,0,0,
D_0__Bacteria;D_1__Firmicutes;D_2__Clostridia;D_3__Clostridiales;D_4__Ruminococcaceae;D_5__Saccharofermentans;D_6__uncultured bacterium,0,0,8,8,17,0,0,2,0,
D_0__Bacteria;D_1__Firmicutes;D_2__Clostridia;D_3__Clostridiales;D_4__Ruminococcaceae;D_5__uncultured;D_6__uncultured bacterium,4,28,6,0,21,0,0,0,9,
D_0__Bacteria;D_1__Firmicutes;D_2__Clostridia;D_3__Clostridiales;D_4__TC1;D_5__uncultured bacterium;D_6__uncultured bacterium,0,0,0,0,9,0,8,0,0,
D_0__Bacteria;D_1__Firmicutes;D_2__Erysipelotrichia;D_3__Erysipelotrichales;D_4__Erysipelotrichaceae;D_5__Erysipelotrichaceae UCG-004;D_6__uncultured bacterium,182,0,0,0,7,15,0,188,127,
D_0__Bacteria;D_1__Firmicutes;D_2__Negativicutes;D_3__Selenomonadales;D_4__Veillonellaceae;D_5__uncultured;D_6__uncultured bacterium,0,0,4,0,5,0,0,0,0,
D_0__Bacteria;D_1__Firmicutes;D_2__Negativicutes;D_3__Selenomonadales;D_4__Veillonellaceae;D_5__uncultured;__,0,12,0,0,0,0,0,0,0,
D_0__Bacteria;D_1__Fusobacteria;D_2__Fusobacteriia;D_3__Fusobacteriales;D_4__Leptotrichiaceae;D_5__uncultured;D_6__uncultured bacterium,0,14,0,12,7,0,0,0,0,
D_0__Bacteria;D_1__Hydrogenedentes;D_2__Hydrogenedentia;D_3__Hydrogenedentiales;D_4__Hydrogenedensaceae;D_5__uncultured bacterium;D_6__uncultured bacterium,0,7,0,0,36,0,15,0,0,
D_0__Bacteria;D_1__Hydrogenedentes;D_2__Hydrogenedentia;D_3__Hydrogenedentiales;D_4__Hydrogenedensaceae;__;__,0,0,0,0,0,0,0,0,0,
D_0__Bacteria;D_1__Kiritimatiellaeota;D_2__Kiritimatiellae;D_3__Kiritimatiellales;D_4__Kiritimatiellaceae;D_5__MSBL3;D_6__uncultured bacterium,0,60,15,12,79,0,2,0,0,
D_0__Bacteria;D_1__Kiritimatiellaeota;D_2__Kiritimatiellae;D_3__WCHB1-41;D_4__uncultured Verrucomicrobia bacterium;D_5__uncultured Verrucomicrobia bacterium;D_6__uncultured Verrucomicrobia bacterium,0,26,0,0,37,0,0,0,5,
D_0__Bacteria;D_1__Kiritimatiellaeota;D_2__Kiritimatiellae;D_3__WCHB1-41;D_4__uncultured bacterium;D_5__uncultured bacterium;D_6__uncultured bacterium,0,46,13,6,80,0,0,0,9,
D_0__Bacteria;D_1__Kiritimatiellaeota;D_2__Kiritimatiellae;D_3__WCHB1-41;D_4__uncultured prokaryote;D_5__uncultured prokaryote;D_6__uncultured prokaryote,0,10,5,10,8,0,0,0,0,
D_0__Bacteria;D_1__Kiritimatiellaeota;D_2__Kiritimatiellae;D_3__WCHB1-41;__;__;__,0,71,0,4,83,0,9,0,23,
D_0__Bacteria;D_1__LCP-89;D_2__uncultured bacterium;D_3__uncultured bacterium;D_4__uncultured bacterium;D_5__uncultured bacterium;D_6__uncultured bacterium,0,15,0,0,29,0,3,0,6,
D_0__Bacteria;D_1__Latescibacteria;D_2__Latescibacteria;D_3__Latescibacterales;D_4__Latescibacteraceae;D_5__Candidatus Latescibacter;D_6__uncultured bacterium,0,0,0,0,0,0,0,0,0,
D_0__Bacteria;D_1__Latescibacteria;D_2__uncultured bacterium;D_3__uncultured bacterium;D_4__uncultured bacterium;D_5__uncultured bacterium;D_6__uncultured bacterium,0,22,2,0,40,0,4,0,5,
D_0__Bacteria;D_1__Lentisphaerae;D_2__Lentisphaeria;D_3__Victivallales;D_4__GWF2-44-16;D_5__uncultured bacterium;D_6__uncultured bacterium,0,5,0,0,8,0,0,0,0,
D_0__Bacteria;D_1__Lentisphaerae;D_2__Lentisphaeria;D_3__Victivallales;D_4__PRD18C08;D_5__uncultured bacterium;D_6__uncultured bacterium,0,8,0,4,40,0,0,0,11,
D_0__Bacteria;D_1__Lentisphaerae;D_2__Oligosphaeria;D_3__Oligosphaerales;D_4__Lenti-02;D_5__uncultured bacterium;D_6__uncultured bacterium,0,5,0,0,26,0,0,0,0,
D_0__Bacteria;D_1__Marinimicrobia (SAR406 clade);D_2__uncultured Bacteroidetes/Chlorobi group bacterium;D_3__uncultured Bacteroidetes/Chlorobi group bacterium;D_4__uncultured Bacteroidetes/Chlorobi group bacterium;D_5__uncultured Bacteroidetes/Chlorobi group bacterium;D_6__uncultured Bacteroidetes/Chlorobi group bacterium,0,10,0,0,7,0,0,0,12,
D_0__Bacteria;D_1__Marinimicrobia (SAR406 clade);D_2__uncultured bacterium;D_3__uncultured bacterium;D_4__uncultured bacterium;D_5__uncultured bacterium;D_6__uncultured bacterium,0,15,0,0,40,0,0,0,10,
D_0__Bacteria;D_1__Marinimicrobia (SAR406 clade);__;__;__;__;__,0,0,0,0,0,0,0,0,0,
D_0__Bacteria;D_1__Omnitrophicaeota;D_2__Omnitrophia;D_3__Omnitrophales;D_4__Omnitrophaceae;D_5__Candidatus Omnitrophus;D_6__uncultured bacterium,0,15,0,0,0,0,0,0,0,
D_0__Bacteria;D_1__Omnitrophicaeota;D_2__Omnitrophia;D_3__Omnitrophales;D_4__Omnitrophaceae;D_5__Candidatus Omnitrophus;__,0,0,0,0,16,0,0,0,0,
D_0__Bacteria;D_1__Omnitrophicaeota;D_2__Omnitrophica WOR_2 bacterium RIFCSPLOWO2_12_FULL_51_24;D_3__Omnitrophica WOR_2 bacterium RIFCSPLOWO2_12_FULL_51_24;D_4__Omnitrophica WOR_2 bacterium RIFCSPLOWO2_12_FULL_51_24;D_5__Omnitrophica WOR_2 bacterium RIFCSPLOWO2_12_FULL_51_24;D_6__Omnitrophica WOR_2 bacterium RIFCSPLOWO2_12_FULL_51_24,0,7,0,0,16,0,0,0,5,
D_0__Bacteria;D_1__Omnitrophicaeota;D_2__uncultured Omnitrophica bacterium;D_3__uncultured Omnitrophica bacterium;D_4__uncultured Omnitrophica bacterium;D_5__uncultured Omnitrophica bacterium;D_6__uncultured Omnitrophica bacterium,0,43,0,0,82,0,0,0,20,
D_0__Bacteria;D_1__Omnitrophicaeota;D_2__uncultured Verrucomicrobia bacterium;D_3__uncultured Verrucomicrobia bacterium;D_4__uncultured Verrucomicrobia bacterium;D_5__uncultured Verrucomicrobia bacterium;D_6__uncultured Verrucomicrobia bacterium,0,0,0,8,21,0,0,0,0,
D_0__Bacteria;D_1__Omnitrophicaeota;D_2__uncultured bacterium;D_3__uncultured bacterium;D_4__uncultured bacterium;D_5__uncultured bacterium;D_6__uncultured bacterium,0,40,0,4,68,0,0,0,16,
D_0__Bacteria;D_1__Omnitrophicaeota;D_2__uncultured organism;D_3__uncultured organism;D_4__uncultured organism;D_5__uncultured organism;D_6__uncultured organism,0,0,0,0,0,0,0,0,0,
D_0__Bacteria;D_1__Omnitrophicaeota;D_2__uncultured planctomycete;D_3__uncultured planctomycete;D_4__uncultured planctomycete;D_5__uncultured planctomycete;D_6__uncultured planctomycete,0,0,0,0,0,0,5,0,0,
D_0__Bacteria;D_1__Omnitrophicaeota;__;__;__;__;__,0,39,12,3,100,0,0,0,0,
D_0__Bacteria;D_1__Patescibacteria;D_2__Microgenomatia;D_3__Candidatus Gottesmanbacteria;D_4__uncultured bacterium;D_5__uncultured bacterium;D_6__uncultured bacterium,0,0,0,0,0,0,0,0,0,
D_0__Bacteria;D_1__Patescibacteria;D_2__Saccharimonadia;D_3__Saccharimonadales;D_4__uncultured candidate division WS5 bacterium;D_5__uncultured candidate division WS5 bacterium;D_6__uncultured candidate division WS5 bacterium,4,3,0,0,0,0,0,0,0,
D_0__Bacteria;D_1__Patescibacteria;D_2__WWE3;D_3__uncultured candidate division WWE3 bacterium;D_4__uncultured candidate division WWE3 bacterium;D_5__uncultured candidate division WWE3 bacterium;D_6__uncultured candidate division WWE3 bacterium,0,0,0,0,0,0,0,0,0,
D_0__Bacteria;D_1__Patescibacteria;D_2__WWE3;__;__;__;__,7,0,0,0,0,0,0,0,3,
D_0__Bacteria;D_1__Planctomycetes;D_2__BD7-11;D_3__uncultured planctomycete;D_4__uncultured planctomycete;D_5__uncultured planctomycete;D_6__uncultured planctomycete,0,0,0,0,0,0,0,0,0,
D_0__Bacteria;D_1__Planctomycetes;D_2__Phycisphaerae;D_3__MSBL9;D_4__GWC2-45-44;Ambiguous_taxa;Ambiguous_taxa,0,16,0,0,18,0,5,0,0,
D_0__Bacteria;D_1__Planctomycetes;D_2__Phycisphaerae;D_3__MSBL9;D_4__KCLunmb-38-53;D_5__uncultured bacterium;D_6__uncultured bacterium,0,6,0,0,14,0,0,0,0,
D_0__Bacteria;D_1__Planctomycetes;D_2__Phycisphaerae;D_3__MSBL9;D_4__SG8-4;D_5__uncultured planctomycete;D_6__uncultured planctomycete,0,9,7,0,20,0,9,0,0,
D_0__Bacteria;D_1__Planctomycetes;D_2__Phycisphaerae;D_3__Phycisphaerales;D_4__AKAU3564 sediment group;D_5__uncultured bacterium;D_6__uncultured bacterium,0,15,0,6,22,0,7,0,0,
D_0__Bacteria;D_1__Planctomycetes;D_2__Phycisphaerae;D_3__Phycisphaerales;D_4__AKAU3564 sediment group;D_5__uncultured planctomycete;D_6__uncultured planctomycete,0,0,0,0,5,0,0,0,0,
D_0__Bacteria;D_1__Planctomycetes;D_2__Phycisphaerae;D_3__Phycisphaerales;D_4__AKAU3564 sediment group;__;__,0,8,0,0,21,0,0,0,0,
D_0__Bacteria;D_1__Planctomycetes;D_2__Phycisphaerae;D_3__Phycisphaerales;D_4__Phycisphaeraceae;D_5__CL500-3;D_6__uncultured bacterium,10,0,0,0,0,0,0,32,25,
D_0__Bacteria;D_1__Planctomycetes;D_2__Planctomycetacia;D_3__Gemmatales;D_4__Gemmataceae;D_5__uncultured;Ambiguous_taxa,29,0,0,0,0,0,0,7,0,
D_0__Bacteria;D_1__Planctomycetes;D_2__Planctomycetacia;D_3__Isosphaerales;D_4__Isosphaeraceae;D_5__uncultured;D_6__uncultured bacterium,2,16,0,0,4,9,3,6,7,
D_0__Bacteria;D_1__Planctomycetes;D_2__Planctomycetacia;D_3__Pirellulales;D_4__Pirellulaceae;D_5__Candidatus Anammoximicrobium;D_6__uncultured bacterium,0,28,0,9,33,0,0,0,3,
D_0__Bacteria;D_1__Planctomycetes;D_2__Planctomycetacia;D_3__Pirellulales;D_4__Pirellulaceae;D_5__Pir4 lineage;__,0,0,0,0,14,0,19,0,0,
D_0__Bacteria;D_1__Planctomycetes;D_2__Planctomycetacia;D_3__Pirellulales;D_4__Pirellulaceae;D_5__Pirellula;Ambiguous_taxa,9,0,0,0,0,0,0,0,0,
D_0__Bacteria;D_1__Planctomycetes;D_2__Planctomycetacia;D_3__Pirellulales;D_4__Pirellulaceae;D_5__Pirellula;__,0,0,0,0,0,0,0,0,0,
D_0__Bacteria;D_1__Planctomycetes;D_2__Planctomycetacia;D_3__Pirellulales;D_4__Pirellulaceae;D_5__uncultured;Ambiguous_taxa,682,18,0,0,36,10,0,80,102,
D_0__Bacteria;D_1__Planctomycetes;D_2__Planctomycetacia;D_3__Pirellulales;D_4__Pirellulaceae;D_5__uncultured;D_6__uncultured bacterium,0,26,0,9,71,0,19,0,0,
D_0__Bacteria;D_1__Planctomycetes;D_2__Planctomycetacia;D_3__Pirellulales;D_4__Pirellulaceae;D_5__uncultured;__,310,15,0,0,10,0,21,0,0,
D_0__Bacteria;D_1__Planctomycetes;D_2__Planctomycetacia;D_3__Pirellulales;D_4__Pirellulaceae;__;__,0,0,0,0,0,0,11,0,0,
D_0__Bacteria;D_1__Planctomycetes;D_2__Planctomycetacia;D_3__Planctomycetales;D_4__Rubinisphaeraceae;D_5__uncultured;D_6__uncultured bacterium,0,0,0,0,5,0,0,0,0,
D_0__Bacteria;D_1__Planctomycetes;D_2__Planctomycetacia;D_3__Planctomycetales;D_4__Schlesneriaceae;D_5__Planctopirus;Ambiguous_taxa,0,0,0,0,0,0,0,0,0,
D_0__Bacteria;D_1__Proteobacteria;D_2__Alphaproteobacteria;D_3__Acetobacterales;D_4__Acetobacteraceae;D_5__uncultured;__,0,0,0,0,0,0,0,0,10,
D_0__Bacteria;D_1__Proteobacteria;D_2__Alphaproteobacteria;D_3__Azospirillales;D_4__Azospirillaceae;D_5__Azospirillum;Ambiguous_taxa,0,0,0,0,0,0,0,0,0,
D_0__Bacteria;D_1__Proteobacteria;D_2__Alphaproteobacteria;D_3__Azospirillales;D_4__Azospirillaceae;D_5__Azospirillum;D_6__uncultured bacterium,0,0,0,0,0,0,0,0,0,
D_0__Bacteria;D_1__Proteobacteria;D_2__Alphaproteobacteria;D_3__Azospirillales;D_4__Azospirillaceae;D_5__Niveispirillum;Ambiguous_taxa,0,0,0,0,0,0,0,0,0,
D_0__Bacteria;D_1__Proteobacteria;D_2__Alphaproteobacteria;D_3__Caulobacterales;D_4__Caulobacteraceae;D_5__Brevundimonas;Ambiguous_taxa,77,0,0,0,0,0,0,5,28,
D_0__Bacteria;D_1__Proteobacteria;D_2__Alphaproteobacteria;D_3__Caulobacterales;D_4__Caulobacteraceae;D_5__Caulobacter;Ambiguous_taxa,7,0,0,0,0,0,0,7,6,
D_0__Bacteria;D_1__Proteobacteria;D_2__Alphaproteobacteria;D_3__Caulobacterales;D_4__Caulobacteraceae;D_5__Phenylobacterium;__,0,0,0,0,0,0,0,0,0,
D_0__Bacteria;D_1__Proteobacteria;D_2__Alphaproteobacteria;D_3__Elsterales;D_4__Elsteraceae;D_5__uncultured;D_6__uncultured bacterium,0,0,0,0,0,0,0,0,0,
D_0__Bacteria;D_1__Proteobacteria;D_2__Alphaproteobacteria;D_3__Micavibrionales;D_4__uncultured;D_5__uncultured bacterium;D_6__uncultured bacterium,0,0,0,0,0,0,0,0,0,
D_0__Bacteria;D_1__Proteobacteria;D_2__Alphaproteobacteria;D_3__Paracaedibacterales;D_4__Paracaedibacteraceae;D_5__uncultured;__,23,0,0,0,0,0,0,6,8,
D_0__Bacteria;D_1__Proteobacteria;D_2__Alphaproteobacteria;D_3__Reyranellales;D_4__Reyranellaceae;D_5__Reyranella;__,0,0,0,0,0,0,5,0,0,
D_0__Bacteria;D_1__Proteobacteria;D_2__Alphaproteobacteria;D_3__Rhizobiales;D_4__Beijerinckiaceae;D_5__Bosea;Ambiguous_taxa,0,0,0,0,0,0,0,0,0,
D_0__Bacteria;D_1__Proteobacteria;D_2__Alphaproteobacteria;D_3__Rhizobiales;D_4__Beijerinckiaceae;D_5__Methylobacterium;__,0,0,0,0,0,0,0,0,0,
D_0__Bacteria;D_1__Proteobacteria;D_2__Alphaproteobacteria;D_3__Rhizobiales;D_4__Beijerinckiaceae;D_5__alphaI cluster;D_6__uncultured bacterium,0,0,0,0,0,0,0,0,0,
D_0__Bacteria;D_1__Proteobacteria;D_2__Alphaproteobacteria;D_3__Rhizobiales;D_4__Beijerinckiaceae;__;__,15,0,0,0,0,0,0,3,0,
D_0__Bacteria;D_1__Proteobacteria;D_2__Alphaproteobacteria;D_3__Rhizobiales;D_4__Devosiaceae;D_5__Devosia;Ambiguous_taxa,0,0,0,0,0,0,0,0,0,
D_0__Bacteria;D_1__Proteobacteria;D_2__Alphaproteobacteria;D_3__Rhizobiales;D_4__Devosiaceae;D_5__Devosia;__,0,0,0,0,0,0,0,0,0,
D_0__Bacteria;D_1__Proteobacteria;D_2__Alphaproteobacteria;D_3__Rhizobiales;D_4__Devosiaceae;__;__,8,0,0,0,0,0,0,0,0,
D_0__Bacteria;D_1__Proteobacteria;D_2__Alphaproteobacteria;D_3__Rhizobiales;D_4__Hyphomicrobiaceae;D_5__Pedomicrobium;D_6__uncultured bacterium,0,0,0,0,0,0,0,0,0,
D_0__Bacteria;D_1__Proteobacteria;D_2__Alphaproteobacteria;D_3__Rhizobiales;D_4__Rhizobiaceae;D_5__Allorhizobium-Neorhizobium-Pararhizobium-Rhizobium;D_6__uncultured Rhizobium sp.,0,0,0,0,0,0,0,0,0,
D_0__Bacteria;D_1__Proteobacteria;D_2__Alphaproteobacteria;D_3__Rhizobiales;D_4__Rhizobiaceae;D_5__Allorhizobium-Neorhizobium-Pararhizobium-Rhizobium;D_6__uncultured bacterium,0,0,0,0,0,0,0,0,0,
D_0__Bacteria;D_1__Proteobacteria;D_2__Alphaproteobacteria;D_3__Rhizobiales;D_4__Rhizobiaceae;D_5__Allorhizobium-Neorhizobium-Pararhizobium-Rhizobium;__,0,0,0,0,0,0,30,0,0,
D_0__Bacteria;D_1__Proteobacteria;D_2__Alphaproteobacteria;D_3__Rhizobiales;D_4__Rhizobiales Incertae Sedis;D_5__Phreatobacter;D_6__uncultured bacterium,0,0,0,0,0,0,0,0,0,
D_0__Bacteria;D_1__Proteobacteria;D_2__Alphaproteobacteria;D_3__Rhizobiales;D_4__Rhizobiales Incertae Sedis;D_5__uncultured;__,0,0,0,0,0,0,0,0,0,
D_0__Bacteria;D_1__Proteobacteria;D_2__Alphaproteobacteria;D_3__Rhizobiales;D_4__Stappiaceae;__;__,0,0,0,0,0,0,0,0,0,
D_0__Bacteria;D_1__Proteobacteria;D_2__Alphaproteobacteria;D_3__Rhizobiales;D_4__Xanthobacteraceae;D_5__Ancylobacter;Ambiguous_taxa,0,0,0,0,0,0,0,0,0,
D_0__Bacteria;D_1__Proteobacteria;D_2__Alphaproteobacteria;D_3__Rhizobiales;D_4__Xanthobacteraceae;D_5__Pseudoxanthobacter;Ambiguous_taxa,0,0,0,0,0,0,0,0,0,
D_0__Bacteria;D_1__Proteobacteria;D_2__Alphaproteobacteria;D_3__Rhizobiales;D_4__Xanthobacteraceae;D_5__Rhodopseudomonas;Ambiguous_taxa,0,0,0,0,0,0,185,0,0,
D_0__Bacteria;D_1__Proteobacteria;D_2__Alphaproteobacteria;D_3__Rhizobiales;D_4__Xanthobacteraceae;D_5__Xanthobacter;Ambiguous_taxa,0,0,0,0,0,0,0,0,0,
D_0__Bacteria;D_1__Proteobacteria;D_2__Alphaproteobacteria;D_3__Rhodobacterales;D_4__Rhodobacteraceae;D_5__Defluviimonas;D_6__uncultured bacterium,0,0,0,0,0,0,0,0,0,
D_0__Bacteria;D_1__Proteobacteria;D_2__Alphaproteobacteria;D_3__Rhodobacterales;D_4__Rhodobacteraceae;D_5__Pseudorhodobacter;D_6__uncultured bacterium,0,0,0,0,0,0,0,0,0,
D_0__Bacteria;D_1__Proteobacteria;D_2__Alphaproteobacteria;D_3__Rhodobacterales;D_4__Rhodobacteraceae;D_5__Rhodobacter;__,0,0,0,0,0,0,0,0,0,
D_0__Bacteria;D_1__Proteobacteria;D_2__Alphaproteobacteria;D_3__Rhodobacterales;D_4__Rhodobacteraceae;__;__,288,0,0,0,0,6,0,87,30,
D_0__Bacteria;D_1__Proteobacteria;D_2__Alphaproteobacteria;D_3__Rhodospirillales;D_4__Magnetospirillaceae;D_5__Magnetospirillum;D_6__uncultured bacterium,0,0,0,0,0,0,0,0,0,
D_0__Bacteria;D_1__Proteobacteria;D_2__Alphaproteobacteria;D_3__Rhodospirillales;D_4__Magnetospirillaceae;D_5__Magnetospirillum;__,0,0,0,0,0,0,0,0,0,
D_0__Bacteria;D_1__Proteobacteria;D_2__Alphaproteobacteria;D_3__Rhodospirillales;D_4__uncultured;D_5__uncultured bacterium;D_6__uncultured bacterium,0,0,0,0,0,0,3,0,0,
D_0__Bacteria;D_1__Proteobacteria;D_2__Alphaproteobacteria;D_3__Rickettsiales;D_4__AB1;D_5__uncultured bacterium;D_6__uncultured bacterium,0,0,0,0,0,0,0,0,0,
D_0__Bacteria;D_1__Proteobacteria;D_2__Alphaproteobacteria;D_3__Rickettsiales;D_4__Mitochondria;D_5__metagenome;D_6__metagenome,36,0,0,0,0,118,0,12,7,
D_0__Bacteria;D_1__Proteobacteria;D_2__Alphaproteobacteria;D_3__Rickettsiales;D_4__Mitochondria;D_5__unidentified proteobacterium;D_6__unidentified proteobacterium,0,0,0,0,0,0,0,0,0,
D_0__Bacteria;D_1__Proteobacteria;D_2__Alphaproteobacteria;D_3__Rickettsiales;D_4__Rickettsiaceae;D_5__uncultured;D_6__uncultured bacterium,0,0,0,0,0,0,0,0,0,
D_0__Bacteria;D_1__Proteobacteria;D_2__Alphaproteobacteria;D_3__Rickettsiales;D_4__SM2D12;D_5__uncultured bacterium;D_6__uncultured bacterium,0,0,0,0,0,0,0,0,0,
D_0__Bacteria;D_1__Proteobacteria;D_2__Alphaproteobacteria;D_3__Rickettsiales;D_4__uncultured;D_5__uncultured bacterium;D_6__uncultured bacterium,0,0,0,0,0,0,0,0,0,
D_0__Bacteria;D_1__Proteobacteria;D_2__Alphaproteobacteria;D_3__Rickettsiales;D_4__uncultured;__;__,7,0,0,0,0,8,0,4,11,
D_0__Bacteria;D_1__Proteobacteria;D_2__Alphaproteobacteria;D_3__SAR11 clade;D_4__Clade III;D_5__uncultured bacterium;D_6__uncultured bacterium,549,0,0,0,0,70,0,131,130,
D_0__Bacteria;D_1__Proteobacteria;D_2__Alphaproteobacteria;D_3__Sphingomonadales;D_4__Sphingomonadaceae;D_5__Novosphingobium;Ambiguous_taxa,0,0,0,0,0,0,0,0,0,
D_0__Bacteria;D_1__Proteobacteria;D_2__Alphaproteobacteria;D_3__Sphingomonadales;D_4__Sphingomonadaceae;D_5__Novosphingobium;__,0,0,0,0,0,0,0,0,0,
D_0__Bacteria;D_1__Proteobacteria;D_2__Alphaproteobacteria;D_3__Sphingomonadales;D_4__Sphingomonadaceae;D_5__Porphyrobacter;__,0,0,0,0,0,0,0,0,0,
D_0__Bacteria;D_1__Proteobacteria;D_2__Alphaproteobacteria;D_3__Sphingomonadales;D_4__Sphingomonadaceae;D_5__Sphingobium;Ambiguous_taxa,0,0,0,0,0,0,39,0,0,
D_0__Bacteria;D_1__Proteobacteria;D_2__Alphaproteobacteria;D_3__Sphingomonadales;D_4__Sphingomonadaceae;D_5__Sphingobium;__,0,0,0,0,0,0,35,0,0,
D_0__Bacteria;D_1__Proteobacteria;D_2__Alphaproteobacteria;D_3__Sphingomonadales;D_4__Sphingomonadaceae;D_5__Sphingomonas;__,0,0,0,0,0,0,0,0,0,
D_0__Bacteria;D_1__Proteobacteria;D_2__Alphaproteobacteria;D_3__Sphingomonadales;D_4__Sphingomonadaceae;D_5__Sphingorhabdus;D_6__uncultured bacterium,93,0,0,0,0,8,0,12,0,
D_0__Bacteria;D_1__Proteobacteria;D_2__Alphaproteobacteria;D_3__Sphingomonadales;D_4__Sphingomonadaceae;__;__,62,0,0,0,0,0,0,16,4,
D_0__Bacteria;D_1__Proteobacteria;D_2__Alphaproteobacteria;D_3__Thalassobaculales;D_4__uncultured;D_5__uncultured bacterium;D_6__uncultured bacterium,0,0,0,0,0,0,0,0,0,
D_0__Bacteria;D_1__Proteobacteria;D_2__Deltaproteobacteria;D_3__Bdellovibrionales;D_4__Bacteriovoracaceae;D_5__uncultured;D_6__uncultured bacterium,0,0,0,0,0,0,0,0,0,
D_0__Bacteria;D_1__Proteobacteria;D_2__Deltaproteobacteria;D_3__Bdellovibrionales;D_4__Bdellovibrionaceae;D_5__OM27 clade;D_6__metagenome,0,0,0,0,0,0,0,0,0,
D_0__Bacteria;D_1__Proteobacteria;D_2__Deltaproteobacteria;D_3__Bdellovibrionales;D_4__Bdellovibrionaceae;D_5__OM27 clade;D_6__uncultured bacterium,515,0,0,0,0,23,2,234,779,
D_0__Bacteria;D_1__Proteobacteria;D_2__Deltaproteobacteria;D_3__Bdellovibrionales;D_4__Bdellovibrionaceae;D_5__OM27 clade;__,26,0,0,0,0,0,0,4,17,
D_0__Bacteria;D_1__Proteobacteria;D_2__Deltaproteobacteria;D_3__Bradymonadales;D_4__uncultured bacterium;D_5__uncultured bacterium;D_6__uncultured bacterium,40,0,0,0,0,6,0,58,408,
D_0__Bacteria;D_1__Proteobacteria;D_2__Deltaproteobacteria;D_3__Desulfarculales;D_4__Desulfarculaceae;D_5__Desulfatiglans;__,0,48,0,0,92,0,24,14,30,
D_0__Bacteria;D_1__Proteobacteria;D_2__Deltaproteobacteria;D_3__Desulfobacterales;D_4__Desulfobacteraceae;D_5__SEEP-SRB1;__,0,0,0,0,0,0,0,0,0,
D_0__Bacteria;D_1__Proteobacteria;D_2__Deltaproteobacteria;D_3__Desulfobacterales;D_4__Desulfobacteraceae;D_5__uncultured;__,0,24,0,0,9,0,0,0,8,
D_0__Bacteria;D_1__Proteobacteria;D_2__Deltaproteobacteria;D_3__Desulfobacterales;D_4__Desulfobacteraceae;__;__,0,0,0,0,0,0,0,0,0,
D_0__Bacteria;D_1__Proteobacteria;D_2__Deltaproteobacteria;D_3__Desulfobacterales;D_4__Desulfobulbaceae;D_5__Desulfocapsa;D_6__uncultured bacterium,0,155,211,61,193,3,728,11,30,
D_0__Bacteria;D_1__Proteobacteria;D_2__Deltaproteobacteria;D_3__Desulfobacterales;D_4__Desulfobulbaceae;D_5__Desulfocapsa;__,0,0,0,0,0,0,0,0,0,
D_0__Bacteria;D_1__Proteobacteria;D_2__Deltaproteobacteria;D_3__Desulfobacterales;D_4__Desulfobulbaceae;D_5__SEEP-SRB2;D_6__uncultured bacterium,0,0,0,0,3,0,0,0,0,
D_0__Bacteria;D_1__Proteobacteria;D_2__Deltaproteobacteria;D_3__Desulfovibrionales;D_4__Desulfovibrionaceae;D_5__Desulfovibrio;__,0,0,0,0,0,0,0,0,0,
D_0__Bacteria;D_1__Proteobacteria;D_2__Deltaproteobacteria;D_3__Desulfuromonadales;D_4__Geobacteraceae;D_5__Geobacter;D_6__uncultured bacterium,0,0,0,0,0,0,0,0,0,
D_0__Bacteria;D_1__Proteobacteria;D_2__Deltaproteobacteria;D_3__Desulfuromonadales;D_4__Geobacteraceae;D_5__Geobacter;__,0,9,0,0,44,0,0,0,0,
D_0__Bacteria;D_1__Proteobacteria;D_2__Deltaproteobacteria;D_3__Myxococcales;D_4__Blfdi19;D_5__uncultured bacterium;D_6__uncultured bacterium,0,0,0,0,0,0,0,0,0,
D_0__Bacteria;D_1__Proteobacteria;D_2__Deltaproteobacteria;D_3__Myxococcales;__;__;__,8,0,0,0,0,0,0,4,5,
D_0__Bacteria;D_1__Proteobacteria;D_2__Deltaproteobacteria;D_3__NKB15;D_4__uncultured bacterium;D_5__uncultured bacterium;D_6__uncultured bacterium,0,5,0,0,0,0,0,0,0,
D_0__Bacteria;D_1__Proteobacteria;D_2__Deltaproteobacteria;D_3__Oligoflexales;D_4__0319-6G20;D_5__uncultured bacterium;D_6__uncultured bacterium,0,0,0,0,0,0,0,0,0,
D_0__Bacteria;D_1__Proteobacteria;D_2__Deltaproteobacteria;D_3__Oligoflexales;D_4__Oligoflexaceae;D_5__Oligoflexus;D_6__uncultured bacterium,0,0,0,0,0,0,0,0,0,
D_0__Bacteria;D_1__Proteobacteria;D_2__Deltaproteobacteria;D_3__Oligoflexales;D_4__Oligoflexaceae;D_5__Oligoflexus;__,0,0,0,0,0,0,0,0,0,
D_0__Bacteria;D_1__Proteobacteria;D_2__Deltaproteobacteria;D_3__Oligoflexales;D_4__Oligoflexaceae;D_5__uncultured;D_6__uncultured bacterium,0,0,0,0,0,0,0,0,0,
D_0__Bacteria;D_1__Proteobacteria;D_2__Deltaproteobacteria;D_3__PB19;D_4__uncultured bacterium;D_5__uncultured bacterium;D_6__uncultured bacterium,0,0,0,0,0,0,0,0,0,
D_0__Bacteria;D_1__Proteobacteria;D_2__Deltaproteobacteria;D_3__Sva0485;Ambiguous_taxa;Ambiguous_taxa;Ambiguous_taxa,0,0,0,0,0,0,0,0,0,
D_0__Bacteria;D_1__Proteobacteria;D_2__Deltaproteobacteria;D_3__Sva0485;D_4__uncultured bacterium;D_5__uncultured bacterium;D_6__uncultured bacterium,0,19,0,4,0,0,0,0,10,
D_0__Bacteria;D_1__Proteobacteria;D_2__Deltaproteobacteria;D_3__Sva0485;D_4__uncultured delta proteobacterium;D_5__uncultured delta proteobacterium;D_6__uncultured delta proteobacterium,0,0,0,0,8,0,0,0,0,
D_0__Bacteria;D_1__Proteobacteria;D_2__Deltaproteobacteria;D_3__Sva0485;__;__;__,0,9,0,0,39,0,0,0,0,
D_0__Bacteria;D_1__Proteobacteria;D_2__Deltaproteobacteria;D_3__Syntrophobacterales;D_4__Syntrophaceae;D_5__Desulfobacca;D_6__uncultured bacterium,0,146,0,0,296,0,43,7,68,
D_0__Bacteria;D_1__Proteobacteria;D_2__Deltaproteobacteria;D_3__Syntrophobacterales;D_4__Syntrophaceae;D_5__Desulfomonile;D_6__uncultured bacterium,0,23,12,9,52,0,14,0,13,
D_0__Bacteria;D_1__Proteobacteria;D_2__Deltaproteobacteria;D_3__Syntrophobacterales;D_4__Syntrophaceae;D_5__Syntrophus;D_6__uncultured bacterium,0,54,16,0,176,0,26,13,74,
D_0__Bacteria;D_1__Proteobacteria;D_2__Deltaproteobacteria;D_3__Syntrophobacterales;D_4__Syntrophaceae;D_5__Syntrophus;__,0,0,0,0,0,0,0,0,0,
D_0__Bacteria;D_1__Proteobacteria;D_2__Gammaproteobacteria;D_3__Alteromonadales;D_4__Alteromonadaceae;D_5__Rheinheimera;__,0,0,0,0,0,0,0,0,0,
D_0__Bacteria;D_1__Proteobacteria;D_2__Gammaproteobacteria;D_3__Betaproteobacteriales;D_4__Burkholderiaceae;D_5__Aquabacterium;D_6__uncultured bacterium,0,0,0,0,0,0,0,0,0,
D_0__Bacteria;D_1__Proteobacteria;D_2__Gammaproteobacteria;D_3__Betaproteobacteriales;D_4__Burkholderiaceae;D_5__Aquabacterium;__,0,0,0,0,0,0,0,0,0,
D_0__Bacteria;D_1__Proteobacteria;D_2__Gammaproteobacteria;D_3__Betaproteobacteriales;D_4__Burkholderiaceae;D_5__Comamonas;__,0,0,0,0,0,0,0,0,0,
D_0__Bacteria;D_1__Proteobacteria;D_2__Gammaproteobacteria;D_3__Betaproteobacteriales;D_4__Burkholderiaceae;D_5__Delftia;__,0,0,0,0,0,0,35,0,0,
D_0__Bacteria;D_1__Proteobacteria;D_2__Gammaproteobacteria;D_3__Betaproteobacteriales;D_4__Burkholderiaceae;D_5__GKS98 freshwater group;__,54,0,0,0,0,20,0,21,17,
D_0__Bacteria;D_1__Proteobacteria;D_2__Gammaproteobacteria;D_3__Betaproteobacteriales;D_4__Burkholderiaceae;D_5__Hydrogenophaga;D_6__uncultured bacterium,0,0,0,0,0,0,0,0,0,
D_0__Bacteria;D_1__Proteobacteria;D_2__Gammaproteobacteria;D_3__Betaproteobacteriales;D_4__Burkholderiaceae;D_5__Hydrogenophaga;__,0,0,0,0,0,0,0,0,0,
D_0__Bacteria;D_1__Proteobacteria;D_2__Gammaproteobacteria;D_3__Betaproteobacteriales;D_4__Burkholderiaceae;D_5__Limnohabitans;__,116,0,0,0,0,0,0,32,26,
D_0__Bacteria;D_1__Proteobacteria;D_2__Gammaproteobacteria;D_3__Betaproteobacteriales;D_4__Burkholderiaceae;D_5__MWH-UniP1 aquatic group;D_6__uncultured bacterium,0,0,0,0,0,0,0,0,0,
D_0__Bacteria;D_1__Proteobacteria;D_2__Gammaproteobacteria;D_3__Betaproteobacteriales;D_4__Burkholderiaceae;D_5__Massilia;__,0,0,0,0,0,0,0,0,0,
D_0__Bacteria;D_1__Proteobacteria;D_2__Gammaproteobacteria;D_3__Betaproteobacteriales;D_4__Burkholderiaceae;D_5__Polaromonas;__,108,0,0,0,0,45,0,55,79,
D_0__Bacteria;D_1__Proteobacteria;D_2__Gammaproteobacteria;D_3__Betaproteobacteriales;D_4__Burkholderiaceae;D_5__Polynucleobacter;Ambiguous_taxa,0,0,0,0,0,35,0,0,8,
D_0__Bacteria;D_1__Proteobacteria;D_2__Gammaproteobacteria;D_3__Betaproteobacteriales;D_4__Burkholderiaceae;D_5__Polynucleobacter;D_6__uncultured bacterium,319,0,0,0,0,38,0,70,38,
D_0__Bacteria;D_1__Proteobacteria;D_2__Gammaproteobacteria;D_3__Betaproteobacteriales;D_4__Burkholderiaceae;D_5__Polynucleobacter;__,34,0,0,0,0,0,0,0,0,
D_0__Bacteria;D_1__Proteobacteria;D_2__Gammaproteobacteria;D_3__Betaproteobacteriales;D_4__Burkholderiaceae;D_5__Rhizobacter;__,83,0,0,0,0,0,0,16,0,
D_0__Bacteria;D_1__Proteobacteria;D_2__Gammaproteobacteria;D_3__Betaproteobacteriales;D_4__Burkholderiaceae;D_5__Rhodoferax;__,87,0,19,0,10,127,0,64,176,
D_0__Bacteria;D_1__Proteobacteria;D_2__Gammaproteobacteria;D_3__Betaproteobacteriales;D_4__Burkholderiaceae;__;__,169,0,5,0,0,253,35,145,285,
D_0__Bacteria;D_1__Proteobacteria;D_2__Gammaproteobacteria;D_3__Betaproteobacteriales;D_4__Hydrogenophilaceae;D_5__uncultured;D_6__uncultured bacterium,0,12,2,0,13,5,0,0,9,
D_0__Bacteria;D_1__Proteobacteria;D_2__Gammaproteobacteria;D_3__Betaproteobacteriales;D_4__Methylophilaceae;D_5__Candidatus Methylopumilus;D_6__uncultured bacterium,53,0,0,0,0,23,0,12,14,
D_0__Bacteria;D_1__Proteobacteria;D_2__Gammaproteobacteria;D_3__Betaproteobacteriales;D_4__Methylophilaceae;D_5__uncultured;D_6__uncultured bacterium,9,0,0,0,0,0,0,0,0,
D_0__Bacteria;D_1__Proteobacteria;D_2__Gammaproteobacteria;D_3__Betaproteobacteriales;D_4__Rhodocyclaceae;D_5__Ferribacterium;D_6__uncultured bacterium,0,0,0,0,0,0,0,0,0,
D_0__Bacteria;D_1__Proteobacteria;D_2__Gammaproteobacteria;D_3__Betaproteobacteriales;D_4__Rhodocyclaceae;D_5__Methyloversatilis;D_6__uncultured bacterium,21,0,0,0,0,0,0,14,18,
D_0__Bacteria;D_1__Proteobacteria;D_2__Gammaproteobacteria;D_3__Betaproteobacteriales;D_4__T34;D_5__uncultured bacterium;D_6__uncultured bacterium,40,5,0,0,0,4,0,8,84,
D_0__Bacteria;D_1__Proteobacteria;D_2__Gammaproteobacteria;D_3__Betaproteobacteriales;D_4__TRA3-20;__;__,0,0,0,0,0,0,0,0,0,
D_0__Bacteria;D_1__Proteobacteria;D_2__Gammaproteobacteria;D_3__Chromatiales;D_4__Chromatiaceae;D_5__Chromatium;D_6__uncultured bacterium,0,654,164,202,1278,0,72,19,101,
D_0__Bacteria;D_1__Proteobacteria;D_2__Gammaproteobacteria;D_3__Chromatiales;D_4__Chromatiaceae;D_5__Thiocystis;D_6__uncultured bacterium,4,239,157,39,358,0,117,31,69,
D_0__Bacteria;D_1__Proteobacteria;D_2__Gammaproteobacteria;D_3__Chromatiales;D_4__Chromatiaceae;D_5__uncultured;D_6__uncultured bacterium,0,205,117,51,210,0,259,13,12,
D_0__Bacteria;D_1__Proteobacteria;D_2__Gammaproteobacteria;D_3__Chromatiales;D_4__Chromatiaceae;__;__,22,234,365,101,267,6,1621,27,50,
D_0__Bacteria;D_1__Proteobacteria;D_2__Gammaproteobacteria;D_3__Coxiellales;D_4__Coxiellaceae;D_5__Coxiella;__,0,16,3,0,20,0,10,0,13,
D_0__Bacteria;D_1__Proteobacteria;D_2__Gammaproteobacteria;D_3__Enterobacteriales;D_4__Enterobacteriaceae;D_5__Providencia;Ambiguous_taxa,0,0,0,0,0,0,0,0,0,
D_0__Bacteria;D_1__Proteobacteria;D_2__Gammaproteobacteria;D_3__Enterobacteriales;D_4__Enterobacteriaceae;D_5__Serratia;Ambiguous_taxa,6,0,0,0,0,3,0,0,34,
D_0__Bacteria;D_1__Proteobacteria;D_2__Gammaproteobacteria;D_3__Gammaproteobacteria Incertae Sedis;D_4__Unknown Family;D_5__Acidibacter;D_6__uncultured bacterium,13,0,0,0,0,0,0,8,4,
D_0__Bacteria;D_1__Proteobacteria;D_2__Gammaproteobacteria;D_3__Legionellales;D_4__Legionellaceae;D_5__Legionella;D_6__uncultured bacterium,0,0,3,0,0,0,0,0,0,
D_0__Bacteria;D_1__Proteobacteria;D_2__Gammaproteobacteria;D_3__Legionellales;D_4__Legionellaceae;D_5__Legionella;__,0,0,0,0,0,0,0,0,0,
D_0__Bacteria;D_1__Proteobacteria;D_2__Gammaproteobacteria;D_3__Methylococcales;D_4__Methylomonaceae;D_5__Crenothrix;D_6__uncultured bacterium,0,0,0,0,0,0,0,0,0,
D_0__Bacteria;D_1__Proteobacteria;D_2__Gammaproteobacteria;D_3__Oceanospirillales;D_4__Pseudohongiellaceae;D_5__Pseudohongiella;D_6__uncultured bacterium,4,0,0,0,0,0,0,2,0,
D_0__Bacteria;D_1__Proteobacteria;D_2__Gammaproteobacteria;D_3__Pseudomonadales;D_4__Moraxellaceae;D_5__Acinetobacter;D_6__Acinetobacter calcoaceticus,0,0,0,0,0,0,0,0,0,
D_0__Bacteria;D_1__Proteobacteria;D_2__Gammaproteobacteria;D_3__Pseudomonadales;D_4__Pseudomonadaceae;D_5__Pseudomonas;__,0,0,0,0,0,0,194,0,0,
D_0__Bacteria;D_1__Proteobacteria;D_2__Gammaproteobacteria;D_3__Xanthomonadales;D_4__Rhodanobacteraceae;D_5__Aquimonas;D_6__uncultured bacterium,0,0,0,0,0,0,0,0,0,
D_0__Bacteria;D_1__Proteobacteria;D_2__Gammaproteobacteria;D_3__Xanthomonadales;D_4__Xanthomonadaceae;D_5__Stenotrophomonas;__,0,0,2,0,0,0,32,0,0,
D_0__Bacteria;D_1__Spirochaetes;D_2__Leptospirae;D_3__Leptospirales;D_4__Leptospiraceae;D_5__Leptospira;D_6__Leptospira biflexa,0,0,0,0,0,0,0,0,0,
D_0__Bacteria;D_1__Spirochaetes;D_2__MVP-15;D_3__uncultured bacterium;D_4__uncultured bacterium;D_5__uncultured bacterium;D_6__uncultured bacterium,0,0,0,0,8,0,0,0,0,
D_0__Bacteria;D_1__Spirochaetes;D_2__Spirochaetia;D_3__Spirochaetales;D_4__Spirochaetaceae;D_5__Sphaerochaeta;D_6__uncultured bacterium,0,294,76,70,364,0,6,7,11,
D_0__Bacteria;D_1__Spirochaetes;D_2__Spirochaetia;D_3__Spirochaetales;D_4__Spirochaetaceae;D_5__Treponema;D_6__uncultured bacterium,0,0,4,0,0,0,0,0,0,
D_0__Bacteria;D_1__Spirochaetes;D_2__Spirochaetia;D_3__Spirochaetales;D_4__Spirochaetaceae;D_5__uncultured;Ambiguous_taxa,0,12,0,4,11,0,10,0,0,
D_0__Bacteria;D_1__Spirochaetes;D_2__Spirochaetia;D_3__Spirochaetales;D_4__Spirochaetaceae;D_5__uncultured;D_6__uncultured prokaryote,0,8,23,12,30,0,25,0,8,
D_0__Bacteria;D_1__TA06;D_2__uncultured soil bacterium;D_3__uncultured soil bacterium;D_4__uncultured soil bacterium;D_5__uncultured soil bacterium;D_6__uncultured soil bacterium,0,18,9,0,63,0,19,0,0,
D_0__Bacteria;D_1__Tenericutes;D_2__Mollicutes;D_3__EUB33-2;D_4__uncultured bacterium;D_5__uncultured bacterium;D_6__uncultured bacterium,0,19,0,7,32,0,0,0,7,
D_0__Bacteria;D_1__Tenericutes;D_2__Mollicutes;D_3__Izimaplasmatales;D_4__Izimaplasmataceae;D_5__uncultured bacterium;D_6__uncultured bacterium,0,55,0,8,215,0,0,0,17,
D_0__Bacteria;D_1__Tenericutes;D_2__Mollicutes;__;__;__;__,0,0,0,0,0,0,0,0,0,
D_0__Bacteria;D_1__Verrucomicrobia;D_2__Verrucomicrobiae;D_3__Chthoniobacterales;D_4__Chthoniobacteraceae;D_5__LD29;D_6__uncultured bacterium,50,0,0,0,0,0,0,5,3,
D_0__Bacteria;D_1__Verrucomicrobia;D_2__Verrucomicrobiae;D_3__Chthoniobacterales;D_4__Terrimicrobiaceae;D_5__Terrimicrobium;D_6__uncultured bacterium,0,6,9,7,19,0,7,9,14,
D_0__Bacteria;D_1__Verrucomicrobia;D_2__Verrucomicrobiae;D_3__LD1-PB3;D_4__uncultured bacterium;D_5__uncultured bacterium;D_6__uncultured bacterium,0,7,0,0,4,0,0,0,0,
D_0__Bacteria;D_1__Verrucomicrobia;D_2__Verrucomicrobiae;D_3__Methylacidiphilales;D_4__Methylacidiphilaceae;D_5__uncultured;Ambiguous_taxa,297,0,0,0,0,0,0,23,13,
D_0__Bacteria;D_1__Verrucomicrobia;D_2__Verrucomicrobiae;D_3__Opitutales;D_4__Opitutaceae;D_5__IMCC26134;__,12,0,0,0,0,0,0,4,0,
D_0__Bacteria;D_1__Verrucomicrobia;D_2__Verrucomicrobiae;D_3__Opitutales;D_4__Opitutaceae;D_5__Lacunisphaera;__,0,0,0,0,0,0,0,0,0,
D_0__Bacteria;D_1__Verrucomicrobia;D_2__Verrucomicrobiae;D_3__Opitutales;D_4__Opitutaceae;__;__,14,0,0,0,0,0,0,0,3,
D_0__Bacteria;D_1__Verrucomicrobia;D_2__Verrucomicrobiae;D_3__Pedosphaerales;D_4__Pedosphaeraceae;D_5__uncultured bacterium;D_6__uncultured bacterium,0,3,0,0,5,0,0,0,0,
D_0__Bacteria;D_1__Verrucomicrobia;D_2__Verrucomicrobiae;D_3__Pedosphaerales;D_4__Pedosphaeraceae;__;__,22,10,0,0,25,0,4,15,10,
D_0__Bacteria;D_1__Verrucomicrobia;D_2__Verrucomicrobiae;D_3__Verrucomicrobiales;D_4__DEV007;Ambiguous_taxa;Ambiguous_taxa,0,0,0,0,0,0,0,0,0,
D_0__Bacteria;D_1__Verrucomicrobia;D_2__Verrucomicrobiae;D_3__Verrucomicrobiales;D_4__Rubritaleaceae;D_5__Luteolibacter;D_6__uncultured bacterium,36,0,0,0,0,19,0,9,14,
D_0__Bacteria;D_1__Verrucomicrobia;D_2__Verrucomicrobiae;D_3__Verrucomicrobiales;D_4__Rubritaleaceae;D_5__Luteolibacter;__,30,0,0,0,0,49,2,20,230,
D_0__Bacteria;D_1__Verrucomicrobia;D_2__Verrucomicrobiae;D_3__Verrucomicrobiales;D_4__Verrucomicrobiaceae;D_5__Prosthecobacter;D_6__uncultured bacterium,0,0,0,0,0,0,0,0,27,
D_0__Bacteria;D_1__Verrucomicrobia;D_2__Verrucomicrobiae;D_3__Verrucomicrobiales;D_4__Verrucomicrobiaceae;D_5__Prosthecobacter;__,0,0,0,0,5,0,0,0,0,
D_0__Bacteria;D_1__Verrucomicrobia;D_2__Verrucomicrobiae;D_3__Verrucomicrobiales;D_4__Verrucomicrobiaceae;D_5__uncultured;D_6__uncultured bacterium,0,0,0,0,0,0,0,0,0,
D_0__Bacteria;D_1__Verrucomicrobia;D_2__Verrucomicrobiae;D_3__uncultured;D_4__uncultured bacterium;D_5__uncultured bacterium;D_6__uncultured bacterium,10,0,0,0,0,534,0,18,118,
D_0__Bacteria;D_1__WS1;Ambiguous_taxa;Ambiguous_taxa;Ambiguous_taxa;Ambiguous_taxa;Ambiguous_taxa,0,0,0,0,0,0,0,0,0,
D_0__Bacteria;D_1__WS1;D_2__uncultured bacterium;D_3__uncultured bacterium;D_4__uncultured bacterium;D_5__uncultured bacterium;D_6__uncultured bacterium,0,6,0,0,0,0,0,0,5,
D_0__Bacteria;D_1__WS4;D_2__uncultured bacterium;D_3__uncultured bacterium;D_4__uncultured bacterium;D_5__uncultured bacterium;D_6__uncultured bacterium,0,7,0,0,13,0,0,0,0,
D_0__Bacteria;__;__;__;__;__;__,1497,55,3,0,97,321,38,675,1279,
Unassigned;__;__;__;__;__;__,0,59,0,0,66,0,0,0,16,